<?xml version="1.0" encoding="UTF-8"?>
<project-private xmlns="http://www.netbeans.org/ns/project-private/1">
    <editor-bookmarks xmlns="http://www.netbeans.org/ns/editor-bookmarks/2" lastBookmarkId="0"/>
    <open-files xmlns="http://www.netbeans.org/ns/projectui-open-files/2">
        <group>
            <file>file:/C:/MAMP/htdocs/authEvents/controllers/un-registrationValidation.php</file>
            <file>file:/C:/MAMP/htdocs/authEvents/dbSqliteCreateAllNeeded.php</file>
            <file>file:/C:/MAMP/htdocs/authEvents/controllers/loginValidation.php</file>
            <file>file:/C:/MAMP/htdocs/authEvents/css/style.css</file>
            <file>file:/C:/MAMP/htdocs/authEvents/config/dbSqlite.ini</file>
            <file>file:/C:/MAMP/htdocs/authEvents/LIS_MOI.md</file>
            <file>file:/C:/MAMP/htdocs/authEvents/controllers/_rememberOriginPage.php</file>
            <file>file:/C:/MAMP/htdocs/authEvents/DONNEE.md</file>
            <file>file:/C:/MAMP/htdocs/authEvents/authdbevent.sqlite</file>
            <file>file:/C:/MAMP/htdocs/authEvents/logout.php</file>
            <file>file:/C:/MAMP/htdocs/authEvents/config/db.ini</file>
            <file>file:/C:/MAMP/htdocs/authEvents/admin.php</file>
            <file>file:/C:/MAMP/htdocs/authEvents/header.php</file>
            <file>file:/C:/MAMP/htdocs/authEvents/controllers/_protect.php</file>
            <file>file:/C:/MAMP/htdocs/authEvents/signup.php</file>
            <file>file:/C:/MAMP/htdocs/authEvents/controllers/_onlyAdmin.php</file>
            <file>file:/C:/MAMP/htdocs/authEvents/un-registration.php</file>
            <file>file:/C:/MAMP/htdocs/authEvents/controllers/signupValidation.php</file>
            <file>file:/C:/MAMP/htdocs/authEvents/login.php</file>
            <file>file:/C:/MAMP/htdocs/authEvents/ch/comem/I_API.php</file>
            <file>file:/C:/MAMP/htdocs/authEvents/ch/comem/DbManager.php</file>
            <file>file:/C:/MAMP/htdocs/authEvents/controllers/adminValidation.php</file>
        </group>
    </open-files>
</project-private>
